,Unnamed: 0,Country Name,Regional Indicator,Year,Life Ladder,Log GDP Per Capita,Social Support,Healthy Life Expectancy At Birth,Freedom To Make Life Choices,Generosity,Perceptions Of Corruption,Positive Affect,Negative Affect,Confidence In National Government
11,11,Portugal,Western Europe,2019,6.095473289,10.46154976,0.876082599,71.0,0.8823511,-0.238181174,0.915165603,0.675313532,0.299874753,0.43560499
12,12,Portugal,Western Europe,2020,5.767792225,10.3738451,0.874990344,71.125,0.91313076,-0.242256343,0.867157161,0.613749206,0.382812679,0.614669442
13,13,Portugal,Western Europe,2021,6.183014393,10.42449665,0.894941688,71.25,0.892121136,-0.20941405,0.872229338,0.628748119,0.284006834,0.576186419
14,14,Portugal,Western Europe,2022,5.952542782,10.48707771,0.862344146,71.375,0.903218091,-0.137060419,0.892955482,0.638484597,0.316203803,0.3659483492857142
15,15,Portugal,Western Europe,2023,5.968,10.429,0.878,71.25,0.902,-0.196,0.878,0.6481811723333333,0.3236667970666666,0.3659483492857142
